
/*
Execute this query on your local server to create database and all tables for the assessment
*/

CREATE DATABASE ATLASCOPCO_TEST
GO

USE ATLASCOPCO_TEST
GO


CREATE TABLE tblKNA1 (
	KUNNR nvarchar(10) NULL,
	NAME1 nvarchar(40) NULL,
	KTOKD nvarchar(4) NULL,
	ZDIFF float NULL
)

GO
CREATE TABLE tblKNVV (
	KUNNR nvarchar(10) NULL,
	NAME1 nvarchar(40) NULL,
	VKORG nvarchar(4) NULL,
	SPART nvarchar(2) NULL
)

GO
CREATE TABLE tblENTRPR_STR (
	SALES_ORG nvarchar(4) NULL,
	BUSINESS_AREA nvarchar(2) NULL
)

GO
INSERT tblKNA1 (KUNNR, NAME1, KTOKD, ZDIFF)
VALUES
('0100722674', 'Harmony Innovations', 'Z002', -8.27),
('0100537105', 'Cozy Dynamics', 'Z003', 22.34),
('0100406853', 'UrbanScape Solutions', 'Z004', -14.83),
('0100198386', 'Friendly Ventures', 'Z005', 19.83),
('0100224999', 'Zenith Connections', 'Z012', -14.71),
('0100766512', 'GreenSky Technologies', 'ZC4C', 2.14),
('0100139162', 'Stellar CoCreators', 'ZC4P', 23.78),
('0100159131', 'BlueWave Collective', 'ZCPD', -23.87),
('0100533909', 'Sunshine Systems', 'ZEMP', 10.46),
('0100835836', 'Ethereal Creations', 'ZIGC', -10.7),
('0100837301', 'Velocity Visionaries', 'ZSIT', 15.98),
('0100474492', 'Radiant Horizons', 'ZXGC', -4.45),
('0100496161', 'Serenity Catalyst', 'Z002', -13.79),
('0100603589', 'Nova Dynamics', 'Z003', -17.71),
('0100292460', 'Titan Innovations', 'Z004', -7.69),
('0100370163', 'Fusion Synergy', 'Z005', 18.93),
('0100274736', 'CloudNine Solutions', 'Z012', -6.74),
('0100541162', 'Quantum Spark', 'ZC4C', -16.82),
('0100721522', 'Heartfelt Strategies', 'ZC4P', 5.24),
('0100803305', 'Crimson Horizons', 'ZCPD', -14.76),
('0100957400', 'Visionary Ventures', 'ZEMP', -21.31),
('0100716448', 'InnovateMinds', 'ZIGC', 16.31),
('0100779003', 'Synthetix Solutions', 'ZSIT', 6.88),
('0100496653', 'Quantum Leap Innovations', 'ZXGC', 13.49),
('0100769546', 'Apex Strategies', 'Z002', -10.82),
('0100391904', 'Catalyst Labs', 'Z003', -12.58),
('0100294817', 'HeartSpace Innovations', 'Z004', -24.07),
('0100701019', 'Synergetic Souls', 'Z005', 13.73),
('0100577189', 'Vertex Visions', 'Z012', -1.97),
('0100407593', 'BlueHorizon Technologies', 'ZC4C', -7.59),
('0100679660', 'Ignition Insights', 'ZC4P', -19.25),
('0100167260', 'Quantum Quotient', 'ZCPD', -3.75),
('0100571702', 'Ethereal Dynamics', 'ZEMP', 8.7),
('0100962047', 'Zenith Zephyr', 'ZIGC', -1.72),
('0100781068', 'Apex Archetype', 'ZSIT', 7.85),
('0100380502', 'Infinite Insights', 'ZXGC', -1.49),
('0100795865', 'Inspire Networks', 'Z002', -24.95),
('0100541511', 'Radiant Realms', 'Z003', 3.46),
('0100852265', 'Quantum Quest', 'Z004', 1.87),
('0100135846', 'Synergetic Solutions', 'Z005', -24.56),
('0100994054', 'Stellar Spirits', 'Z012', -17.85),
('0100521955', 'Vision Vanguard', 'ZC4C', -12.35),
('0100990333', 'MindfulMinds', 'ZC4P', 11.46),
('0100986317', 'Fusion Frontier', 'ZCPD', 5.9),
('0100446765', 'Innovate Impact', 'ZEMP', 0.71),
('0100522278', 'Quantum Quasar', 'ZIGC', -2.31),
('0100124802', 'Heartful Catalyst', 'ZSIT', -24.08),
('0100605471', 'Velocity Ventures', 'ZXGC', 16.08),
('0100616241', 'Essence Networks', 'Z002', 19.78),
('0100751784', 'Zenith Zest', 'Z003', 12.91),
('0100312783', 'Radiant Realities', 'Z004', 23.15),
('0100738401', 'Catalyst Creations', 'Z005', -7.59),
('0100283167', 'Pinnacle Prodigy', 'Z012', -16.26),
('0100317482', 'Synergy Systems', 'ZC4C', -19.61),
('0100952287', 'Heartful Insights', 'ZC4P', 14.35),
('0100497060', 'Apex Arcana', 'ZCPD', 20.24),
('0100714652', 'Soulful Nexus', 'ZEMP', 15.8),
('0100758856', 'Zenith Zing', 'ZIGC', -19.47),
('0100996642', 'Synergetic Spark', 'ZSIT', 9.76),
('0100183368', 'Inspire Innovations', 'ZXGC', -19.66),
('0100922766', 'Heartful Nucleus', 'Z002', 11.77),
('0100836524', 'Velocity Vistas', 'Z003', 19.49),
('0100783712', 'Crimson Catalyst', 'Z004', 13.46),
('0100473994', 'MindfulTriumph', 'Z005', -4.18),
('0100276335', 'Whimsy Works', 'Z012', -19.33),
('0100345221', 'Velvet Ventures', 'ZC4C', 14.92),
('0100946719', 'Cosmic Cafés', 'ZC4P', 13.26),
('0100672171', 'Synchronicity Studios', 'ZCPD', 19.91),
('0100863843', 'Quantum Quilt Co.', 'ZEMP', -23.49),
('0100228445', 'Luminous Libations', 'ZIGC', -12.86),
('0100564154', 'Pixel Petals Design', 'ZSIT', 17.3),
('0100339395', 'Bubble Bliss Brands', 'ZXGC', 15.35),
('0100290517', 'Enchanted Echoes', 'Z002', 9.81),
('0100963008', 'EcoElegance Events', 'Z003', 11.4),
('0100113333', 'Tranquil Tidings Travel', 'Z004', -6.51),
('0100892844', 'Sparkle Spectrum', 'Z005', 0.82),
('0100142711', 'Velvet Vortex Ventures', 'Z012', -2.04),
('0100917156', 'Stellar Sips', 'ZC4C', 22.12),
('0100626316', 'Mosaic Mingle', 'ZC4P', 13.68),
('0100774428', 'Nimbus Nurtures', 'ZCPD', 5.6),
('0100324302', 'Tranquil Tones Therapy', 'ZEMP', -5.48),
('0100381071', 'FlutterFlame Foods', 'ZIGC', -6.53),
('0100623631', 'Enigma Echo', 'ZSIT', -7.39),
('0100688191', 'Celestial Ceramics', 'ZXGC', 1.63),
('0100213517', 'Moonlit Munchies', 'Z002', 18.08),
('0100387587', 'Verve Vortex Ventures', 'Z003', 0.92),
('0100626397', 'Sunflower Serenades', 'Z004', -16.33),
('0100828571', 'Elysian Echo', 'Z005', 18.22),
('0100347743', 'Radiant Roots Rejuvenation', 'Z012', 2.01),
('0100356140', 'Velvet Voyage', 'ZC4C', 11.39),
('0100901796', 'Nebula Nosh Nook', 'ZC4P', -20.65),
('0100683764', 'Cosmic Cravings Catering', 'ZCPD', 22.65),
('0100820618', 'Opal Oasis Outfitters', 'ZEMP', -21.7),
('0100501653', 'Infinite Indulgences', 'ZIGC', -13.61),
('0100613846', 'Mindful Muse Marketing', 'ZSIT', 20.53),
('0100516850', 'Quasar Quill Creations', 'ZXGC', 17.81),
('0100977043', 'Whispering Willow Wares', 'Z002', -6.81),
('0100800170', 'Enchanted Elixirs', 'Z003', -7.75),
('0100862673', 'Velvet Vortex Voyages', 'Z004', -17.44),
('0100885703', 'Celestial Snackcraft', 'Z005', 10.66),
('0100205028', 'Sirens Song Studios', 'Z012', -16.22),
('0100838458', 'Ethereal Embellishments', 'ZC4C', 8.57),
('0100859725', 'Tranquil Tidbits Tech', 'ZC4P', 14.85),
('0100479670', 'Flux Feather Furnishings', 'ZCPD', 18.5),
('0100558954', 'Mystic Morsels', 'ZEMP', -7.76),
('0100788823', 'Whimsy Wanderlust Wear', 'ZIGC', 0.37),
('0100326684', 'Enigma Eclairs', 'ZSIT', -13.11),
('0100639911', 'Radiant Rhythms Records', 'ZXGC', 5.57),
('0100878535', 'Moonlit Marvels', 'Z002', -10.79),
('0100254233', 'Echoing Eden Experiences', 'Z003', -11.41),
('0100134270', 'Zenith Zipline Adventures', 'Z004', 19.74),
('0100708242', 'Velvet Vortex Vinyl', 'Z005', -22.39),
('0100931658', 'Stellar Scent Soirees', 'Z012', 22.86),
('0100764807', 'Celestial SipnSee', 'ZC4C', 1.29),
('0100972049', 'Nebula Novelties', 'ZC4P', 2.58),
('0100542614', 'Enigma Euphoria', 'ZCPD', -6.02),
('0100791846', 'Mosaic Mingle Moments', 'ZEMP', -8.7),
('0100928682', 'Radiant Roots Rituals', 'ZIGC', -15.55),
('0100416079', 'Nebula Nectar Naturals', 'ZSIT', 12.11),
('0100138311', 'Whimsy Whirlwind Weddings', 'ZXGC', 23.61),
('0100995194', 'Savor the Spark', 'Z002', 5.3),
('0100433565', 'Ethereal Essence Exports', 'Z003', -5.86),
('0100788840', 'FlutterFlame Florals', 'Z004', -16.58),
('0100171306', 'Velvet Vortex Vignettes', 'Z005', 3.93),
('0100824076', 'Celestial Sweets & Treats', 'Z012', -9.82),
('0100290604', 'Moonlit Mingle Merchants', 'ZC4C', 18.74),
('0100536764', 'Opal Odyssey Occasions', 'ZC4P', -15.39),
('0100183379', 'Stellar Symphony Studios', 'ZCPD', 1.72),
('0100588093', 'Finite Inklings', 'ZEMP', 9.45),
('0100463559', 'Mindful Muse Music', 'ZIGC', 9.36),
('0100273190', 'Quasar Quill Quests', 'ZSIT', 14.63),
('0100149711', 'Whispering Willow Workshops', 'ZXGC', -20.99),
('0100315269', 'Enchanted Echo Embroidery', 'Z002', -13.34),
('0100679139', 'Radiant Roots Resonance', 'Z003', -12.7),
('0100987750', 'Nebula Nosh Notions', 'Z004', 13.02),
('0100124866', 'Cosmic Confections Co.', 'Z005', -24.06),
('0100291690', 'Celestial Ceramics & Crafts', 'Z012', 4.85),
('0100664424', 'Moonlit Munchies & More', 'ZC4C', 9.52),
('0100485552', 'Elysian Echo Entertainments', 'ZC4P', -6.54),
('0100820579', 'Radiant Roots Resources', 'ZCPD', 4.92),
('0100707972', 'Velvet Voyage Ventures', 'ZEMP', -4.9),
('0100283912', 'Whispering Willow W', 'ZIGC', 20.21),
('0100969496', 'WhistleWind Studios', 'ZSIT', -6.49),
('0100917357', 'Rhapsody Roots', 'ZXGC', 24.77),
('0100287038', 'Velvet Velocity Ventures', 'Z002', 1.7),
('0100464863', 'AquaArbor Architects', 'Z003', -22.29),
('0100907891', 'QuirkyQuotient Co.', 'Z004', 19.64),
('0100191112', 'FlutterFly Fashion', 'Z005', -9.26),
('0100711475', 'Radiant Raven Robotics', 'Z012', -17.23),
('0100308314', 'Quantum Quasar Quarters', 'ZC4C', 7.57),
('0100313610', 'BlissfulBite Bistro', 'ZC4P', -7.35),
('0100232916', 'CelestialCanvas Artistry', 'ZCPD', 23.18),
('0100385795', 'ChromaCharm Creations', 'ZEMP', 4.88),
('0100735373', 'Nebula Nectar Nurture', 'ZIGC', -22.45),
('0100945134', 'UrbanUtopia Unplugged', 'ZSIT', -10.11),
('0100110155', 'Moonlit Muse Media', 'ZXGC', -16.86),
('0100309402', 'Wanderlust Wellness', 'Z002', -6.02),
('0100285205', 'PonderPetal Productions', 'Z003', -4.9),
('0100858594', 'Vortex Vista Voyages', 'Z004', 0.54),
('0100168702', 'MysticMingle Mysteries', 'Z005', -16.41),
('0100442264', 'TranquilTide Technologies', 'Z012', 8.95),
('0100974666', 'PrismPulse Publishing', 'ZC4C', -6.09),
('0100861418', 'EtherealEcho Experiences', 'ZC4P', 3.17),
('0100994613', 'VelvetVerse Ventures', 'ZCPD', 10.66),
('0100435029', 'LushLoom Landscapes', 'ZEMP', 6.84),
('0100884026', 'QuantumQuest Quarters', 'ZIGC', -6.55),
('0100651608', 'CelestialCitrus Circus', 'ZSIT', 0.65),
('0100493404', 'ElysianEssence Entertainments', 'ZXGC', 0.61),
('0100276171', 'RadiantRipple Resources', 'Z002', -19.89),
('0100665239', 'ZenithZest Zoology', 'Z003', -24.09),
('0100623717', 'WhisperWillow Watchers', 'Z004', -4.44),
('0100182902', 'EnchantedEagle Expeditions', 'Z005', -16.67),
('0100623503', 'QuasarQuill Quizzes', 'Z012', -3.72),
('0100378004', 'WhimsyWave Wellness', 'ZC4C', 17.34),
('0100900466', 'SizzleSpectrum Snacks', 'ZC4P', 12.02),
('0100519896', 'PiquePetal Productions', 'ZCPD', -14.57),
('0100964652', 'VelvetVagabond Voyages', 'ZEMP', 19.69),
('0100111210', 'CelestialCanvas Crafts', 'ZIGC', 17.34),
('0100427940', 'MoonlitMunch Moods', 'ZSIT', -16.16),
('0100643657', 'OpulentOdyssey Occasions', 'ZXGC', 12.21),
('0100996111', 'InfiniteInkling Innovations', 'Z002', 6.87),
('0100390908', 'MindfulMingle Moments', 'Z003', 20.99),
('0100234973', 'QuasarQuill Quests', 'Z004', 1.41),
('0100273225', 'WhisperingWillow Workshops', 'Z005', 3.01),
('0100664332', 'EnchantedEcho Embellishments', 'Z012', -11.97),
('0100995509', 'RadiantRoots Resonance', 'ZC4C', -5.4),
('0100125736', 'NebulaNosh Notions', 'ZC4P', -9.41),
('0100342749', 'CosmicConfections Collective', 'ZCPD', 21.88),
('0100342794', 'VelvetVortex Ventures', 'ZEMP', -24.07),
('0100889114', 'CelestialCeramics & Crafts', 'ZIGC', 19.91),
('0100196282', 'MoonlitMunchies & More', 'ZSIT', -2.82),
('0100677710', 'ElysianEcho Entertainments', 'ZXGC', 21.17),
('0100618315', 'RadiantRoots Resources', 'Z002', -16.11),
('0100985114', 'VelvetVoyage Ventures', 'Z003', 2.57),
('0100127304', 'NebulaNosh Nook', 'Z004', -2.16),
('0100952753', 'CosmicCravings Catering', 'Z005', -2.73),
('0100904352', 'OpalOasis Outfitters', 'Z012', -6.64),
('0100568194', 'InfiniteIndulgences', 'ZC4C', 8.32),
('0100438441', 'MindfulMuse Marketing', 'ZC4P', 3.83),
('0100693027', 'QuasarQuill Creations', 'ZCPD', 23.81),
('0100921924', 'WhisperingWillow Wares', 'ZEMP', -17.49),
('0100301736', 'EnchantedElixirs', 'ZIGC', -1.98),
('0100795672', 'VelvetVortex Voyages', 'ZSIT', -4.54),
('0100525399', 'CelestialSnackcraft', 'ZXGC', 6.67),
('0100158327', 'Song Studios', 'Z002', -11.14),
('0100610726', 'EtherealEmbellishments', 'Z003', -5.18),
('0100773493', 'TranquilTidbits Tech', 'Z004', -1.93),
('0100752666', 'FluxFeather Furnishings', 'Z005', 10.76),
('0100216936', 'MysticMorsels', 'Z012', 18.26),
('0100380778', 'WhimsyWanderlust Wear', 'ZC4C', 7.16),
('0100339329', 'EnigmaEclairs', 'ZC4P', 10.25),
('0100631600', 'RadiantRhythms Records', 'ZCPD', -11.82),
('0100219249', 'MoonlitMarvels', 'ZEMP', 3.07),
('0100490235', 'EchoingEden Experiences', 'ZIGC', -23.76),
('0100581350', 'ZenithZipline Adventures', 'ZSIT', 10.89),
('0100920505', 'VelvetVortex Vinyl', 'ZXGC', 3.8),
('0100957200', 'StellarScent Soirees', 'Z002', -2.88),
('0100501387', 'CelestialSip & See', 'Z003', -4.27),
('0100519375', 'NebulaNovelties', 'Z004', 8.58),
('0100236182', 'EnigmaEuphoria', 'Z005', -1.6),
('0100847925', 'MosaicMingle Moments', 'Z012', 5.5),
('0100699122', 'RadiantRoots Rituals', 'ZC4C', -17.75),
('0100820431', 'NebulaNectar Naturals', 'ZC4P', -3.31),
('0100825240', 'WhimsyWhirlwind Weddings', 'ZCPD', 5.09),
('0100436425', 'SavortheSpark', 'ZEMP', 4.03),
('0100345852', 'EtherealEssence Exports', 'ZIGC', -12.37),
('0100521580', 'VelvetVortex Vignettes', 'ZSIT', -16.7),
('0100781881', 'CelestialSweets & Treats', 'ZXGC', -20.23),
('0100878712', 'MoonlitMingle Merchants', 'Z002', -21.67),
('0100645955', 'OpalOdyssey Occasions', 'Z003', 8.59),
('0100177693', 'StellarSymphony Studios', 'Z004', 10.39),
('0100466742', 'InfiniteInklings', 'Z005', 0.37),
('0100100607', 'MindfulMuse Music', 'Z012', -10.17),
('0100905017', 'EnchantedEcho Embroidery', 'ZC4C', 10.91),
('0100193781', 'CosmicConfections Co.', 'ZC4P', 7.63),
('0100939085', 'StellarScent Soire', 'ZCPD', -5.41),
('0100160126', 'Velvet Aurora Ventures', 'ZEMP', -21.68),
('0100454908', 'LuminaLeaf Studios', 'ZIGC', 0.86),
('0100768771', 'QuirkyQuill Quests', 'ZSIT', -19.63),
('0100785573', 'Celestial Haven Homestead', 'ZXGC', 0.17),
('0100472611', 'Zenith Zodiac Zest', 'Z002', -5.57),
('0100871939', 'Nebula Nectar Nourish', 'Z003', 20.52),
('0100201842', 'Radiant Rhapsody Realty', 'Z004', 15.05),
('0100425830', 'Piquant Pixel Productions', 'Z005', -7.22),
('0100536932', 'Verve Vista Voyages', 'Z012', 19.88),
('0100455311', 'MysticMingle Meander', 'ZC4C', -1.33),
('0100480910', 'TranquilTraverse Tech', 'ZC4P', 15.52),
('0100844985', 'CelestialSerene Sweets', 'ZCPD', 14.62),
('0100577938', 'ChromaCharm Culinary', 'ZEMP', 14.63),
('0100275808', 'MoonlitMosaic Muse', 'ZIGC', 22.75),
('0100381685', 'EtherEcho Expeditions', 'ZSIT', 21.28),
('0100700384', 'VelvetVerse Visionaries', 'ZXGC', -6.27),
('0100532903', 'RadiantRay Resources', 'Z002', 1.42),
('0100322979', 'Zephyr Zest Zoology', 'Z003', 17.01),
('0100182515', 'WhisperWind Watchers', 'Z004', -1.56),
('0100740999', 'EnchantedEagle Endeavors', 'Z005', 17.39),
('0100260541', 'QuasarQuill Quandaries', 'Z012', 12.32),
('0100114669', 'WhimsyWave Wearables', 'ZC4C', 6.16),
('0100677715', 'SizzleSpectrum Soirees', 'ZC4P', 8.18),
('0100930679', 'PiquePetal Press', 'ZCPD', -13.41),
('0100981596', 'VelvetVoyage Vistas', 'ZEMP', -24.53),
('0100120562', 'CelestialCanvas Collective', 'ZIGC', -0.18),
('0100780752', 'MoonlitMingle Moods', 'ZSIT', 23.55),
('0100444583', 'OpulentOdyssey Outfitters', 'ZXGC', 10.62),
('0100982862', 'InfiniteImprint Innovations', 'Z002', 13.03),
('0100186118', 'MindfulMuse Media', 'Z003', 1.35),
('0100559611', 'WhisperingWillow Workspaces', 'Z004', -10.72),
('0100253615', 'RadiantRoots Resound', 'Z005', 1.08),
('0100418556', 'CosmicCraft Co.', 'Z012', -8.91),
('0100629448', 'CelestialCraze Crafts', 'ZC4C', -16.73),
('0100959364', 'MoonlitMunch & More', 'ZC4P', -8.6),
('0100261091', 'ElysianEntertain Endeavors', 'ZCPD', 2.99),
('0100463770', 'NebulaNosh Nurtures', 'ZEMP', 8.67),
('0100335450', 'OpalOasis Outfits', 'ZIGC', -16.81),
('0100348384', 'InfiniteInventive Indulgences', 'ZSIT', 19.45),
('0100732116', 'MindfulMingle Merchants', 'ZXGC', 2.13),
('0100235158', 'WhisperingWillow Wonders', 'Z002', 23.35),
('0100357942', 'EtherealEmbark Embellishments', 'Z003', -16.42),
('0100927989', 'MysticMingle Morsels', 'Z004', -17.33),
('0100870401', 'WhimsyWear Wanderlust', 'Z005', -13.26),
('0100509179', 'EnigmaEpicure Eclairs', 'Z012', -18.36),
('0100150567', 'MoonlitMarvel Muse', 'ZC4C', -4.99),
('0100737336', 'ZenithZen Zipline', 'ZC4P', 6.81),
('0100726444', 'NebulaNovel Notions', 'ZCPD', -2.73),
('0100361256', 'EnigmaEcliptic Euphoria', 'ZEMP', 9.5),
('0100959124', 'WhimsyWish Whirlwind', 'ZIGC', 8.13),
('0100247265', 'EtherealEssence Export', 'ZSIT', 7.51),
('0100392466', 'FlutterFlare Florals', 'ZXGC', 17.07),
('0100674823', 'QuantumQuill Quotient', 'Z002', 2.68),
('0100271411', 'VelvetVine Ventures', 'Z003', -6.52),
('0100530655', 'ZestfulZephyr Zen', 'Z004', -1.79),
('0100469637', 'RadiantRidge Robotics', 'Z005', -23.35),
('0100610862', 'CelestialCharm Co.', 'Z012', 4.77),
('0100207237', 'TranquilTwist Technologies', 'ZC4C', -14.34),
('0100839887', 'EtherealEmbrace Entertainments', 'ZC4P', -15.18),
('0100769986', 'EchoEmpire Events', 'ZCPD', -13.4),
('0100511326', 'StellarStream Studios', 'ZEMP', -5.6),
('0100982937', 'InfiniteIdea Innovations', 'ZIGC', 7.34),
('0100115774', 'WhimsyWillow Works', 'ZSIT', 13.94),
('0100860893', 'NebulaNourish Naturals', 'ZXGC', 23.58),
('0100661574', 'CelestialCraft Collective', 'Z002', 18.96),
('0100495563', 'PiquantPixel Productions', 'Z003', -3.43),
('0100608312', 'FluxFern Furnishings', 'Z004', -1.25),
('0100634403', 'MoonlitMingle Moments', 'Z005', 12.07),
('0100640373', 'MindfulMaze Media', 'Z012', -24.71),
('0100671338', 'EnchantedEssence Embellishments', 'ZC4C', 24.69)

GO
INSERT tblKNVV (KUNNR, NAME1, VKORG, SPART)
VALUES
('0100497060', 'Apex Arcana', 'RO20', '01'),
('0100781068', 'Apex Archetype', 'DE20', '01'),
('0100769546', 'Apex Strategies', 'SA40', '01'),
('0100407593', 'BlueHorizon Technologies', 'FR40', '01'),
('0100159131', 'BlueWave Collective', 'FR70', '01'),
('0100339395', 'Bubble Bliss Brands', 'FR80', '01'),
('0100391904', 'Catalyst Labs', 'AU40', '01'),
('0100688191', 'Celestial Ceramics', 'HK10', '01'),
('0100844985', 'CelestialSerene Sweets', 'FR70', '01'),
('0100781881', 'CelestialSweets & Treats', 'FR40', '01'),
('0100274736', 'CloudNine Solutions', 'RO20', '01'),
('0100946719', 'Cosmic Cafés', 'MX70', '01'),
('0100952753', 'CosmicCravings Catering', 'DE30', '01'),
('0100537105', 'Cozy Dynamics', 'RO20', '01'),
('0100803305', 'Crimson Horizons', 'VN40', '01'),
('0100490235', 'EchoingEden Experiences', 'AU40', '01'),
('0100828571', 'Elysian Echo', 'CA50', '01'),
('0100290517', 'Enchanted Echoes', 'DE30', '01'),
('0100901796', 'Nebula Nosh Nook', 'SA40', '01'),
('0100516850', 'Quasar Quill Creations', 'SK10', '01'),
('0100205028', 'Sirens Song Studios', 'EG70', '01'),
('0100788823', 'Whimsy Wanderlust Wear', 'FR80', '01'),
('0100134270', 'Zenith Zipline Adventures', 'CA70', '01'),
('0100542614', 'Enigma Euphoria', 'RO20', '01'),
('0100995194', 'Savor the Spark', 'SA40', '01'),
('0100290604', 'Moonlit Mingle Merchants', 'SK10', '01'),
('0100273190', 'Quasar Quill Quests', 'EG70', '01'),
('0100124866', 'Cosmic Confections Co.', 'FR80', '01'),
('0100707972', 'Velvet Voyage Ventures', 'CA70', '01'),
('0100464863', 'AquaArbor Architects', 'RO20', '01'),
('0100313610', 'BlissfulBite Bistro', 'SA40', '01'),
('0100110155', 'Moonlit Muse Media', 'SK10', '01'),
('0100442264', 'TranquilTide Technologies', 'EG70', '01'),
('0100884026', 'QuantumQuest Quarters', 'FR80', '01'),
('0100623717', 'WhisperWillow Watchers', 'CA70', '01'),
('0100519896', 'PiquePetal Productions', 'RO20', '01'),
('0100996111', 'InfiniteInkling Innovations', 'SA40', '01'),
('0100995509', 'RadiantRoots Resonance', 'SK10', '01'),
('0100905017', 'EnchantedEcho Embroidery', 'VN40', '01'),
('0100623631', 'Enigma Echo', 'EG70', '01'),
('0100616241', 'Essence Networks', 'DE30', '01'),
('0100835836', 'Ethereal Creations', 'FR70', '01'),
('0100571702', 'Ethereal Dynamics', 'FR40', '01'),
('0100610726', 'EtherealEmbellishments', 'RO20', '01'),
('0100381685', 'EtherEcho Expeditions', 'FR20', '01'),
('0100752666', 'FluxFeather Furnishings', 'CA50', '01'),
('0100198386', 'Friendly Ventures', 'ID50', '01'),
('0100986317', 'Fusion Frontier', 'TW20', '01'),
('0100370163', 'Fusion Synergy', 'AT20', '01'),
('0100766512', 'GreenSky Technologies', 'FR40', '01'),
('0100722674', 'Harmony Innovations', 'RO20', '01'),
('0100721522', 'Heartfelt Strategies', 'US40', '01'),
('0100981596', 'VelvetVoyage Vistas', 'CA70', '01'),
('0100186118', 'MindfulMuse Media', 'RO20', '01'),
('0100959364', 'MoonlitMunch & More', 'SA40', '01'),
('0100732116', 'MindfulMingle Merchants', 'SK10', '01'),
('0100509179', 'EnigmaEpicure Eclairs', 'EG70', '01'),
('0100959124', 'WhimsyWish Whirlwind', 'FR80', '01'),
('0100530655', 'ZestfulZephyr Zen', 'CA70', '01'),
('0100769986', 'EchoEmpire Events', 'RO20', '01'),
('0100661574', 'CelestialCraft Collective', 'SA40', '01'),
('0100671338', 'EnchantedEssence Embellishments', 'SK10', '01'),
('0100922766', 'Heartful Nucleus', 'SA40', '01'),
('0100294817', 'HeartSpace Innovations', 'US40', '01'),
('0100679660', 'Ignition Insights', 'ID50', '01'),
('0100380502', 'Infinite Insights', 'FR40', '01'),
('0100466742', 'InfiniteInklings', 'MX70', '01'),
('0100446765', 'Innovate Impact', 'FR70', '01'),
('0100716448', 'InnovateMinds', 'CA70', '01'),
('0100795865', 'Inspire Networks', 'ID50', '01'),
('0100454908', 'LuminaLeaf Studios', 'DE20', '01'),
('0100990333', 'MindfulMinds', 'CA50', '01'),
('0100438441', 'MindfulMuse Marketing', 'DE30', '01'),
('0100473994', 'MindfulTriumph', 'FR20', '01'),
('0100219249', 'MoonlitMarvels', 'FR40', '01'),
('0100275808', 'MoonlitMosaic Muse', 'DE20', '01'),
('0100626316', 'Mosaic Mingle', 'FR40', '01'),
('0100216936', 'MysticMorsels', 'TW20', '01'),
('0100820431', 'NebulaNectar Naturals', 'CA50', '01'),
('0100774428', 'Nimbus Nurtures', 'KR50', '01'),
('0100603589', 'Nova Dynamics', 'HK10', '01'),
('0100645955', 'OpalOdyssey Occasions', 'KR50', '01'),
('0100425830', 'Piquant Pixel Productions', 'ID50', '01'),
('0100564154', 'Pixel Petals Design', 'ITA0', '01'),
('0100496653', 'Quantum Leap Innovations', 'FR40', '01'),
('0100522278', 'Quantum Quasar', 'US40', '01'),
('0100852265', 'Quantum Quest', 'TW20', '01'),
('0100167260', 'Quantum Quotient', 'US40', '01'),
('0100541162', 'Quantum Spark', 'FR40', '01'),
('0100693027', 'QuasarQuill Creations', 'KR50', '01'),
('0100768771', 'QuirkyQuill Quests', 'SA40', '01'),
('0100474492', 'Radiant Horizons', 'SA40', '01'),
('0100541511', 'Radiant Realms', 'CA70', '01'),
('0100201842', 'Radiant Rhapsody Realty', 'ITA0', '01'),
('0100532903', 'RadiantRay Resources', 'FR40', '01'),
('0100699122', 'RadiantRoots Rituals', 'IT50', '01'),
('0100496161', 'Serenity Catalyst', 'FR40', '01'),
('0100158327', 'Song Studios', 'CL11', '01'),
('0100714652', 'Soulful Nexus', 'IT50', '01'),
('0100139162', 'Stellar CoCreators', 'FR70', '01'),
('0100917156', 'Stellar Sips', 'KR50', '01'),
('0100994054', 'Stellar Spirits', 'HK10', '01'),
('0100957200', 'StellarScent Soirees', 'SA40', '01'),
('0100626397', 'Sunflower Serenades', 'ITA0', '01'),
('0100533909', 'Sunshine Systems', 'AT20', '01'),
('0100135846', 'Synergetic Solutions', 'PH10', '01'),
('0100701019', 'Synergetic Souls', 'MX70', '01'),
('0100996642', 'Synergetic Spark', 'PH10', '01'),
('0100779003', 'Synthetix Solutions', 'HK10', '01'),
('0100292460', 'Titan Innovations', 'FR20', '01'),
('0100113333', 'Tranquil Tidings Travel', 'FR20', '01'),
('0100324302', 'Tranquil Tones Therapy', 'SK10', '01'),
('0100406853', 'UrbanScape Solutions', 'FR40', '01'),
('0100605471', 'Velocity Ventures', 'FR40', '01'),
('0100837301', 'Velocity Visionaries', 'EG70', '01'),
('0100836524', 'Velocity Vistas', 'US40', '01'),
('0100345221', 'Velvet Ventures', 'SK10', '01'),
('0100142711', 'Velvet Vortex Ventures', 'VN40', '01'),
('0100700384', 'VelvetVerse Visionaries', 'FR20', '01'),
('0100795672', 'VelvetVortex Voyages', 'HK10', '01'),
('0100577189', 'Vertex Visions', 'CA50', '01'),
('0100536932', 'Verve Vista Voyages', 'CL11', '01'),
('0100521955', 'Vision Vanguard', 'VN40', '01'),
('0100957400', 'Visionary Ventures', 'KR50', '01'),
('0100276335', 'Whimsy Works', 'ID50', '01'),
('0100114669', 'WhimsyWave Wearables', 'EG70', '01'),
('0100182515', 'WhisperWind Watchers', 'FR20', '01'),
('0100224999', 'Zenith Connections', 'FR40', '01'),
('0100962047', 'Zenith Zephyr', 'PH10', '01'),
('0100758856', 'Zenith Zing', 'DE20', '01'),
('0100581350', 'ZenithZipline Adventures', 'FR40', '01'),
('0100497060', 'Apex Arcana', 'VN40', '02'),
('0100781068', 'Apex Archetype', 'US40', '02'),
('0100769546', 'Apex Strategies', 'MX70', '02'),
('0100407593', 'BlueHorizon Technologies', 'VN40', '02'),
('0100159131', 'BlueWave Collective', 'VN50', '02'),
('0100738401', 'Catalyst Creations', 'MX70', '02'),
('0100391904', 'Catalyst Labs', 'MX70', '02'),
('0100688191', 'Celestial Ceramics', 'SK10', '02'),
('0100501387', 'CelestialSip & See', 'VN50', '02'),
('0100781881', 'CelestialSweets & Treats', 'ITA0', '02'),
('0100274736', 'CloudNine Solutions', 'AT20', '02'),
('0100946719', 'Cosmic Cafés', 'CA70', '02'),
('0100537105', 'Cozy Dynamics', 'US40', '02'),
('0100783712', 'Crimson Catalyst', 'FR40', '02'),
('0100803305', 'Crimson Horizons', 'FR40', '02'),
('0100963008', 'EcoElegance Events', 'ITA0', '02'),
('0100828571', 'Elysian Echo', 'ID50', '02'),
('0100290517', 'Enchanted Echoes', 'VN40', '02'),
('0100683764', 'Cosmic Cravings Catering', 'US40', '02'),
('0100977043', 'Whispering Willow Wares', 'ID50', '02'),
('0100838458', 'Ethereal Embellishments', 'IT50', '02'),
('0100326684', 'Enigma Eclairs', 'CL11', '02'),
('0100708242', 'Velvet Vortex Vinyl', 'MX70', '02'),
('0100791846', 'Mosaic Mingle Moments', 'BR20', '02'),
('0100433565', 'Ethereal Essence Exports', 'US40', '02'),
('0100536764', 'Opal Odyssey Occasions', 'ID50', '02'),
('0100149711', 'Whispering Willow Workshops', 'IT50', '02'),
('0100291690', 'Celestial Ceramics & Crafts', 'CL11', '02'),
('0100283912', 'Whispering Willow W', 'MX70', '02'),
('0100907891', 'QuirkyQuotient Co.', 'BR20', '02'),
('0100232916', 'CelestialCanvas Artistry', 'US40', '02'),
('0100309402', 'Wanderlust Wellness', 'ID50', '02'),
('0100974666', 'PrismPulse Publishing', 'IT50', '02'),
('0100651608', 'CelestialCitrus Circus', 'CL11', '02'),
('0100182902', 'EnchantedEagle Expeditions', 'MX70', '02'),
('0100964652', 'VelvetVagabond Voyages', 'BR20', '02'),
('0100390908', 'MindfulMingle Moments', 'US40', '02'),
('0100125736', 'NebulaNosh Notions', 'ID50', '02'),
('0100301736', 'EnchantedElixirs', 'MX70', '02'),
('0100339329', 'EnigmaEclairs', 'SA40', '02'),
('0100616241', 'Essence Networks', 'IT50', '02'),
('0100835836', 'Ethereal Creations', 'VN50', '02'),
('0100571702', 'Ethereal Dynamics', 'FR40', '02'),
('0100610726', 'EtherealEmbellishments', 'PH10', '02'),
('0100381071', 'FlutterFlame Foods', 'MX70', '02'),
('0100198386', 'Friendly Ventures', 'ID50', '02'),
('0100986317', 'Fusion Frontier', 'ITA0', '02'),
('0100370163', 'Fusion Synergy', 'FR80', '02'),
('0100766512', 'GreenSky Technologies', 'SK10', '02'),
('0100722674', 'Harmony Innovations', 'SA40', '02'),
('0100721522', 'Heartfelt Strategies', 'DE30', '02'),
('0100124802', 'Heartful Catalyst', 'CL11', '02'),
('0100120562', 'CelestialCanvas Collective', 'MX70', '02'),
('0100559611', 'WhisperingWillow Workspaces', 'BR20', '02'),
('0100261091', 'ElysianEntertain Endeavors', 'US40', '02'),
('0100235158', 'WhisperingWillow Wonders', 'ID50', '02'),
('0100150567', 'MoonlitMarvel Muse', 'IT50', '02'),
('0100247265', 'EtherealEssence Export', 'CL11', '02'),
('0100469637', 'RadiantRidge Robotics', 'MX70', '02'),
('0100511326', 'StellarStream Studios', 'BR20', '02'),
('0100495563', 'PiquantPixel Productions', 'US40', '02'),
('0100124802', 'Heartful Catalyst', 'KR50', '02'),
('0100922766', 'Heartful Nucleus', 'TW20', '02'),
('0100294817', 'HeartSpace Innovations', 'SA40', '02'),
('0100679660', 'Ignition Insights', 'FR70', '02'),
('0100380502', 'Infinite Insights', 'FR40', '02'),
('0100466742', 'InfiniteInklings', 'AT20', '02'),
('0100446765', 'Innovate Impact', 'AU40', '02'),
('0100716448', 'InnovateMinds', 'BR20', '02'),
('0100795865', 'Inspire Networks', 'ID50', '02'),
('0100454908', 'LuminaLeaf Studios', 'US40', '02'),
('0100990333', 'MindfulMinds', 'MX70', '02'),
('0100438441', 'MindfulMuse Marketing', 'AT20', '02'),
('0100473994', 'MindfulTriumph', 'CA70', '02'),
('0100219249', 'MoonlitMarvels', 'TW20', '02'),
('0100196282', 'MoonlitMunchies & More', 'EG70', '02'),
('0100847925', 'MosaicMingle Moments', 'EG70', '02'),
('0100216936', 'MysticMorsels', 'ID50', '02'),
('0100127304', 'NebulaNosh Nook', 'FR20', '02'),
('0100774428', 'Nimbus Nurtures', 'SA40', '02'),
('0100603589', 'Nova Dynamics', 'MX70', '02'),
('0100645955', 'OpalOdyssey Occasions', 'BR20', '02'),
('0100425830', 'Piquant Pixel Productions', 'VN40', '02'),
('0100564154', 'Pixel Petals Design', 'SK10', '02'),
('0100496653', 'Quantum Leap Innovations', 'VN40', '02'),
('0100522278', 'Quantum Quasar', 'FR40', '02'),
('0100852265', 'Quantum Quest', 'RO20', '02'),
('0100167260', 'Quantum Quotient', 'DE20', '02'),
('0100541162', 'Quantum Spark', 'AU40', '02'),
('0100693027', 'QuasarQuill Creations', 'MX70', '02'),
('0100474492', 'Radiant Horizons', 'IT50', '02'),
('0100312783', 'Radiant Realities', 'CA70', '02'),
('0100541511', 'Radiant Realms', 'US40', '02'),
('0100347743', 'Radiant Roots Rejuvenation', 'TW20', '02'),
('0100631600', 'RadiantRhythms Records', 'US40', '02'),
('0100699122', 'RadiantRoots Rituals', 'MX70', '02'),
('0100496161', 'Serenity Catalyst', 'KR50', '02'),
('0100677715', 'SizzleSpectrum Soirees', 'DE30', '02'),
('0100892844', 'Sparkle Spectrum', 'FR80', '02'),
('0100139162', 'Stellar CoCreators', 'IT50', '02'),
('0100917156', 'Stellar Sips', 'RO20', '02'),
('0100994054', 'Stellar Spirits', 'SK10', '02'),
('0100177693', 'StellarSymphony Studios', 'CA70', '02'),
('0100533909', 'Sunshine Systems', 'AU40', '02'),
('0100672171', 'Synchronicity Studios', 'VN50', '02'),
('0100135846', 'Synergetic Solutions', 'SA40', '02'),
('0100701019', 'Synergetic Souls', 'AT20', '02'),
('0100996642', 'Synergetic Spark', 'SK10', '02'),
('0100779003', 'Synthetix Solutions', 'CA50', '02'),
('0100292460', 'Titan Innovations', 'CA50', '02'),
('0100113333', 'Tranquil Tidings Travel', 'TW20', '02'),
('0100773493', 'TranquilTidbits Tech', 'BR20', '02'),
('0100406853', 'UrbanScape Solutions', 'CL11', '02'),
('0100605471', 'Velocity Ventures', 'IT50', '02'),
('0100837301', 'Velocity Visionaries', 'FR80', '02'),
('0100836524', 'Velocity Vistas', 'CL11', '02'),
('0100345221', 'Velvet Ventures', 'RO20', '02'),
('0100356140', 'Velvet Voyage', 'PH10', '02'),
('0100521580', 'VelvetVortex Vignettes', 'CL11', '02'),
('0100795672', 'VelvetVortex Voyages', 'MX70', '02'),
('0100577189', 'Vertex Visions', 'DE30', '02'),
('0100387587', 'Verve Vortex Ventures', 'RO20', '02'),
('0100521955', 'Vision Vanguard', 'MX70', '02'),
('0100957400', 'Visionary Ventures', 'VN50', '02'),
('0100276335', 'Whimsy Works', 'CA50', '02'),
('0100825240', 'WhimsyWhirlwind Weddings', 'ITA0', '02'),
('0100182515', 'WhisperWind Watchers', 'FR40', '02'),
('0100224999', 'Zenith Connections', 'CL11', '02'),
('0100962047', 'Zenith Zephyr', 'AU40', '02'),
('0100758856', 'Zenith Zing', 'FR80', '02'),
('0100581350', 'ZenithZipline Adventures', 'BR20', '02'),
('0100497060', 'Apex Arcana', 'DE30', '03'),
('0100781068', 'Apex Archetype', 'VN50', '03'),
('0100769546', 'Apex Strategies', 'CA70', '03'),
('0100407593', 'BlueHorizon Technologies', 'SA40', '03'),
('0100159131', 'BlueWave Collective', 'US40', '03'),
('0100738401', 'Catalyst Creations', 'SK10', '03'),
('0100391904', 'Catalyst Labs', 'DE30', '03'),
('0100785573', 'Celestial Haven Homestead', 'PH10', '03'),
('0100501387', 'CelestialSip & See', 'HK10', '03'),
('0100577938', 'ChromaCharm Culinary', 'AU40', '03'),
('0100274736', 'CloudNine Solutions', 'PH10', '03'),
('0100193781', 'CosmicConfections Co.', 'VN40', '03'),
('0100537105', 'Cozy Dynamics', 'FR40', '03'),
('0100783712', 'Crimson Catalyst', 'SK10', '03'),
('0100803305', 'Crimson Horizons', 'PH10', '03'),
('0100963008', 'EcoElegance Events', 'RO20', '03'),
('0100677710', 'ElysianEcho Entertainments', 'IT50', '03'),
('0100740999', 'EnchantedEagle Endeavors', 'FR80', '03'),
('0100820618', 'Opal Oasis Outfitters', 'FR40', '03'),
('0100800170', 'Enchanted Elixirs', 'VN50', '03'),
('0100859725', 'Tranquil Tidbits Tech', 'CA50', '03'),
('0100639911', 'Radiant Rhythms Records', 'FR40', '03'),
('0100931658', 'Stellar Scent Soirees', 'HK10', '03'),
('0100928682', 'Radiant Roots Rituals', 'DE20', '03'),
('0100788840', 'FlutterFlame Florals', 'FR40', '03'),
('0100183379', 'Stellar Symphony Studios', 'VN50', '03'),
('0100315269', 'Enchanted Echo Embroidery', 'CA50', '03'),
('0100664424', 'Moonlit Munchies & More', 'FR40', '03'),
('0100969496', 'WhistleWind Studios', 'HK10', '03'),
('0100191112', 'FlutterFly Fashion', 'DE20', '03'),
('0100385795', 'ChromaCharm Creations', 'FR40', '03'),
('0100285205', 'PonderPetal Productions', 'VN50', '03'),
('0100861418', 'EtherealEcho Experiences', 'CA50', '03'),
('0100493404', 'ElysianEssence Entertainments', 'FR40', '03'),
('0100623503', 'QuasarQuill Quizzes', 'HK10', '03'),
('0100111210', 'CelestialCanvas Crafts', 'DE20', '03'),
('0100234973', 'QuasarQuill Quests', 'FR40', '03'),
('0100342749', 'CosmicConfections Collective', 'VN50', '03'),
('0100301736', 'EnchantedElixirs', 'ID50', '03'),
('0100339329', 'EnigmaEclairs', 'ITA0', '03'),
('0100616241', 'Essence Networks', 'CA50', '03'),
('0100835836', 'Ethereal Creations', 'HK10', '03'),
('0100571702', 'Ethereal Dynamics', 'CA70', '03'),
('0100345852', 'EtherealEssence Exports', 'FR80', '03'),
('0100381071', 'FlutterFlame Foods', 'CL11', '03'),
('0100198386', 'Friendly Ventures', 'US40', '03'),
('0100986317', 'Fusion Frontier', 'SK10', '03'),
('0100370163', 'Fusion Synergy', 'BR20', '03'),
('0100766512', 'GreenSky Technologies', 'FR70', '03'),
('0100722674', 'Harmony Innovations', 'IT50', '03'),
('0100721522', 'Heartfelt Strategies', 'FR80', '03'),
('0100124802', 'Heartful Catalyst', 'SA40', '03'),
('0100780752', 'MoonlitMingle Moods', 'HK10', '03'),
('0100253615', 'RadiantRoots Resound', 'DE20', '03'),
('0100463770', 'NebulaNosh Nurtures', 'FR40', '03'),
('0100357942', 'EtherealEmbark Embellishments', 'VN50', '03'),
('0100737336', 'ZenithZen Zipline', 'CA50', '03'),
('0100392466', 'FlutterFlare Florals', 'FR40', '03'),
('0100610862', 'CelestialCharm Co.', 'HK10', '03'),
('0100982937', 'InfiniteIdea Innovations', 'DE20', '03'),
('0100608312', 'FluxFern Furnishings', 'FR40', '03'),
('0100952287', 'Heartful Insights', 'VN40', '03'),
('0100922766', 'Heartful Nucleus', 'DE20', '03'),
('0100294817', 'HeartSpace Innovations', 'IT50', '03'),
('0100679660', 'Ignition Insights', 'DE20', '03'),
('0100380502', 'Infinite Insights', 'SA40', '03'),
('0100446765', 'Innovate Impact', 'FR20', '03'),
('0100716448', 'InnovateMinds', 'MX70', '03'),
('0100183368', 'Inspire Innovations', 'PH10', '03'),
('0100795865', 'Inspire Networks', 'KR50', '03'),
('0100228445', 'Luminous Libations', 'FR70', '03'),
('0100990333', 'MindfulMinds', 'FR40', '03'),
('0100100607', 'MindfulMuse Music', 'HK10', '03'),
('0100213517', 'Moonlit Munchies', 'VN40', '03'),
('0100878712', 'MoonlitMingle Merchants', 'DE30', '03'),
('0100196282', 'MoonlitMunchies & More', 'IT50', '03'),
('0100847925', 'MosaicMingle Moments', 'MX70', '03'),
('0100871939', 'Nebula Nectar Nourish', 'US40', '03'),
('0100127304', 'NebulaNosh Nook', 'US40', '03'),
('0100774428', 'Nimbus Nurtures', 'VN40', '03'),
('0100603589', 'Nova Dynamics', 'CA50', '03'),
('0100283167', 'Pinnacle Prodigy', 'HK10', '03'),
('0100930679', 'PiquePetal Press', 'KR50', '03'),
('0100496653', 'Quantum Leap Innovations', 'AT20', '03'),
('0100522278', 'Quantum Quasar', 'FR80', '03'),
('0100852265', 'Quantum Quest', 'AU40', '03'),
('0100863843', 'Quantum Quilt Co.', 'AU40', '03'),
('0100167260', 'Quantum Quotient', 'ID50', '03'),
('0100541162', 'Quantum Spark', 'VN50', '03'),
('0100260541', 'QuasarQuill Quandaries', 'CL11', '03'),
('0100474492', 'Radiant Horizons', 'AU40', '03'),
('0100312783', 'Radiant Realities', 'HK10', '03'),
('0100541511', 'Radiant Realms', 'SK10', '03'),
('0100347743', 'Radiant Roots Rejuvenation', 'CA50', '03'),
('0100631600', 'RadiantRhythms Records', 'PH10', '03'),
('0100436425', 'SavortheSpark', 'FR20', '03'),
('0100496161', 'Serenity Catalyst', 'FR40', '03'),
('0100677715', 'SizzleSpectrum Soirees', 'FR20', '03'),
('0100892844', 'Sparkle Spectrum', 'SK10', '03'),
('0100139162', 'Stellar CoCreators', 'FR20', '03'),
('0100994054', 'Stellar Spirits', 'EG70', '03'),
('0100939085', 'StellarScent Soire', 'RO20', '03'),
('0100177693', 'StellarSymphony Studios', 'FR20', '03'),
('0100533909', 'Sunshine Systems', 'PH10', '03'),
('0100672171', 'Synchronicity Studios', 'KR50', '03'),
('0100135846', 'Synergetic Solutions', 'SA40', '03'),
('0100701019', 'Synergetic Souls', 'AT20', '03'),
('0100317482', 'Synergy Systems', 'AT20', '03'),
('0100779003', 'Synthetix Solutions', 'FR40', '03'),
('0100292460', 'Titan Innovations', 'ID50', '03'),
('0100113333', 'Tranquil Tidings Travel', 'FR40', '03'),
('0100773493', 'TranquilTidbits Tech', 'VN50', '03'),
('0100406853', 'UrbanScape Solutions', 'KR50', '03'),
('0100605471', 'Velocity Ventures', 'VN40', '03'),
('0100837301', 'Velocity Visionaries', 'DE20', '03'),
('0100836524', 'Velocity Vistas', 'ITA0', '03'),
('0100345221', 'Velvet Ventures', 'CL11', '03'),
('0100356140', 'Velvet Voyage', 'FR40', '03'),
('0100521580', 'VelvetVortex Vignettes', 'PH10', '03'),
('0100985114', 'VelvetVoyage Ventures', 'ITA0', '03'),
('0100577189', 'Vertex Visions', 'FR70', '03'),
('0100387587', 'Verve Vortex Ventures', 'FR20', '03'),
('0100521955', 'Vision Vanguard', 'VN40', '03'),
('0100957400', 'Visionary Ventures', 'ITA0', '03'),
('0100380778', 'WhimsyWanderlust Wear', 'PH10', '03'),
('0100825240', 'WhimsyWhirlwind Weddings', 'IT50', '03'),
('0100224999', 'Zenith Connections', 'FR40', '03'),
('0100962047', 'Zenith Zephyr', 'ID50', '03'),
('0100751784', 'Zenith Zest', 'KR50', '03'),
('0100758856', 'Zenith Zing', 'ITA0', '03'),
('0100322979', 'Zephyr Zest Zoology', 'ITA0', '03'),
('0100781068', 'Apex Archetype', 'FR40', '04'),
('0100769546', 'Apex Strategies', 'VN40', '04'),
('0100407593', 'BlueHorizon Technologies', 'PH10', '04'),
('0100159131', 'BlueWave Collective', 'VN50', '04'),
('0100339395', 'Bubble Bliss Brands', 'IT50', '04'),
('0100738401', 'Catalyst Creations', 'CA50', '04'),
('0100391904', 'Catalyst Labs', 'SA40', '04'),
('0100785573', 'Celestial Haven Homestead', 'US40', '04'),
('0100525399', 'CelestialSnackcraft', 'AT20', '04'),
('0100577938', 'ChromaCharm Culinary', 'SA40', '04'),
('0100274736', 'CloudNine Solutions', 'AU40', '04'),
('0100193781', 'CosmicConfections Co.', 'SK10', '04'),
('0100537105', 'Cozy Dynamics', 'PH10', '04'),
('0100783712', 'Crimson Catalyst', 'US40', '04'),
('0100803305', 'Crimson Horizons', 'SK10', '04'),
('0100963008', 'EcoElegance Events', 'BR20', '04'),
('0100677710', 'ElysianEcho Entertainments', 'HK10', '04'),
('0100740999', 'EnchantedEagle Endeavors', 'FR80', '04'),
('0100501653', 'Infinite Indulgences', 'ID50', '04'),
('0100862673', 'Velvet Vortex Voyages', 'AU40', '04'),
('0100479670', 'Flux Feather Furnishings', 'ITA0', '04'),
('0100878535', 'Moonlit Marvels', 'DE30', '04'),
('0100764807', 'Celestial Sip & See', 'AT20', '04'),
('0100416079', 'Nebula Nectar Naturals', 'TW20', '04'),
('0100171306', 'Velvet Vortex Vignettes', 'ID50', '04'),
('0100588093', 'Infinite Inklings', 'AU40', '04'),
('0100679139', 'Radiant Roots Resonance', 'ITA0', '04'),
('0100485552', 'Elysian Echo Entertainments', 'DE30', '04'),
('0100917357', 'Rhapsody Roots', 'AT20', '04'),
('0100711475', 'Radiant Raven Robotics', 'TW20', '04'),
('0100735373', 'Nebula Nectar Nurture', 'ID50', '04'),
('0100858594', 'Vortex Vista Voyages', 'AU40', '04'),
('0100994613', 'VelvetVerse Ventures', 'ITA0', '04'),
('0100276171', 'RadiantRipple Resources', 'DE30', '04'),
('0100378004', 'WhimsyWave Wellness', 'AT20', '04'),
('0100427940', 'MoonlitMunch Moods', 'TW20', '04'),
('0100273225', 'WhisperingWillow Workshops', 'ID50', '04'),
('0100342794', 'VelvetVortex Ventures', 'AU40', '04'),
('0100623631', 'Enigma Echo', 'HK10', '04'),
('0100236182', 'EnigmaEuphoria', 'FR70', '04'),
('0100616241', 'Essence Networks', 'ITA0', '04'),
('0100835836', 'Ethereal Creations', 'CL11', '04'),
('0100571702', 'Ethereal Dynamics', 'EG70', '04'),
('0100345852', 'EtherealEssence Exports', 'RO20', '04'),
('0100381071', 'FlutterFlame Foods', 'SA40', '04'),
('0100198386', 'Friendly Ventures', 'CA50', '04'),
('0100986317', 'Fusion Frontier', 'SA40', '04'),
('0100370163', 'Fusion Synergy', 'CA70', '04'),
('0100766512', 'GreenSky Technologies', 'ID50', '04'),
('0100722674', 'Harmony Innovations', 'CA50', '04'),
('0100721522', 'Heartfelt Strategies', 'SA40', '04'),
('0100124802', 'Heartful Catalyst', 'RO20', '04'),
('0100444583', 'OpulentOdyssey Outfitters', 'AT20', '04'),
('0100418556', 'CosmicCraft Co.', 'TW20', '04'),
('0100335450', 'OpalOasis Outfits', 'ID50', '04'),
('0100927989', 'MysticMingle Morsels', 'AU40', '04'),
('0100726444', 'NebulaNovel Notions', 'ITA0', '04'),
('0100674823', 'QuantumQuill Quotient', 'DE30', '04'),
('0100207237', 'TranquilTwist Technologies', 'AT20', '04'),
('0100115774', 'WhimsyWillow Works', 'TW20', '04'),
('0100634403', 'MoonlitMingle Moments', 'ID50', '04'),
('0100952287', 'Heartful Insights', 'CA70', '04'),
('0100294817', 'HeartSpace Innovations', 'BR20', '04'),
('0100679660', 'Ignition Insights', 'SA40', '04'),
('0100380502', 'Infinite Insights', 'SK10', '04'),
('0100568194', 'InfiniteIndulgences', 'FR40', '04'),
('0100446765', 'Innovate Impact', 'CA70', '04'),
('0100716448', 'InnovateMinds', 'AU40', '04'),
('0100183368', 'Inspire Innovations', 'AU40', '04'),
('0100795865', 'Inspire Networks', 'FR80', '04'),
('0100228445', 'Luminous Libations', 'KR50', '04'),
('0100990333', 'MindfulMinds', 'DE20', '04'),
('0100100607', 'MindfulMuse Music', 'MX70', '04'),
('0100213517', 'Moonlit Munchies', 'FR40', '04'),
('0100878712', 'MoonlitMingle Merchants', 'CA70', '04'),
('0100626316', 'Mosaic Mingle', 'DE30', '04'),
('0100455311', 'MysticMingle Meander', 'SK10', '04'),
('0100871939', 'Nebula Nectar Nourish', 'ITA0', '04'),
('0100519375', 'NebulaNovelties', 'AU40', '04'),
('0100603589', 'Nova Dynamics', 'ITA0', '04'),
('0100904352', 'OpalOasis Outfitters', 'CL11', '04'),
('0100283167', 'Pinnacle Prodigy', 'SA40', '04'),
('0100930679', 'PiquePetal Press', 'FR40', '04'),
('0100496653', 'Quantum Leap Innovations', 'PH10', '04'),
('0100522278', 'Quantum Quasar', 'US40', '04'),
('0100852265', 'Quantum Quest', 'DE20', '04'),
('0100863843', 'Quantum Quilt Co.', 'CA50', '04'),
('0100167260', 'Quantum Quotient', 'US40', '04'),
('0100541162', 'Quantum Spark', 'US40', '04'),
('0100260541', 'QuasarQuill Quandaries', 'HK10', '04'),
('0100474492', 'Radiant Horizons', 'US40', '04'),
('0100312783', 'Radiant Realities', 'ID50', '04'),
('0100541511', 'Radiant Realms', 'VN50', '04'),
('0100347743', 'Radiant Roots Rejuvenation', 'HK10', '04'),
('0100618315', 'RadiantRoots Resources', 'CA50', '04'),
('0100436425', 'SavortheSpark', 'KR50', '04'),
('0100496161', 'Serenity Catalyst', 'HK10', '04'),
('0100714652', 'Soulful Nexus', 'BR20', '04'),
('0100892844', 'Sparkle Spectrum', 'DE30', '04'),
('0100139162', 'Stellar CoCreators', 'EG70', '04'),
('0100994054', 'Stellar Spirits', 'SA40', '04'),
('0100939085', 'StellarScent Soire', 'FR40', '04'),
('0100626397', 'Sunflower Serenades', 'BR20', '04'),
('0100533909', 'Sunshine Systems', 'VN50', '04'),
('0100672171', 'Synchronicity Studios', 'DE30', '04'),
('0100135846', 'Synergetic Solutions', 'VN40', '04'),
('0100701019', 'Synergetic Souls', 'AU40', '04'),
('0100317482', 'Synergy Systems', 'ITA0', '04'),
('0100779003', 'Synthetix Solutions', 'KR50', '04'),
('0100292460', 'Titan Innovations', 'EG70', '04'),
('0100324302', 'Tranquil Tones Therapy', 'CA70', '04'),
('0100480910', 'TranquilTraverse Tech', 'ID50', '04'),
('0100406853', 'UrbanScape Solutions', 'DE20', '04'),
('0100605471', 'Velocity Ventures', 'BR20', '04'),
('0100837301', 'Velocity Visionaries', 'KR50', '04'),
('0100160126', 'Velvet Aurora Ventures', 'BR20', '04'),
('0100142711', 'Velvet Vortex Ventures', 'CL11', '04'),
('0100356140', 'Velvet Voyage', 'DE20', '04'),
('0100920505', 'VelvetVortex Vinyl', 'SK10', '04'),
('0100985114', 'VelvetVoyage Ventures', 'SA40', '04'),
('0100577189', 'Vertex Visions', 'KR50', '04'),
('0100387587', 'Verve Vortex Ventures', 'CA50', '04'),
('0100521955', 'Vision Vanguard', 'IT50', '04'),
('0100957400', 'Visionary Ventures', 'ID50', '04'),
('0100380778', 'WhimsyWanderlust Wear', 'BR20', '04'),
('0100921924', 'WhisperingWillow Wares', 'CA70', '04'),
('0100224999', 'Zenith Connections', 'ITA0', '04'),
('0100962047', 'Zenith Zephyr', 'TW20', '04'),
('0100751784', 'Zenith Zest', 'SA40', '04'),
('0100472611', 'Zenith Zodiac Zest', 'SA40', '04'),
('0100322979', 'Zephyr Zest Zoology', 'DE20', '04'),
('0100781068', 'Apex Archetype', 'CA70', '05'),
('0100769546', 'Apex Strategies', 'FR70', '05'),
('0100407593', 'BlueHorizon Technologies', 'ID50', '05'),
('0100159131', 'BlueWave Collective', 'SK10', '05'),
('0100339395', 'Bubble Bliss Brands', 'FR40', '05'),
('0100391904', 'Catalyst Labs', 'RO20', '05'),
('0100688191', 'Celestial Ceramics', 'AT20', '05'),
('0100844985', 'CelestialSerene Sweets', 'VN50', '05'),
('0100525399', 'CelestialSnackcraft', 'AU40', '05'),
('0100274736', 'CloudNine Solutions', 'CL11', '05'),
('0100946719', 'Cosmic Cafés', 'ID50', '05'),
('0100952753', 'CosmicCravings Catering', 'FR80', '05'),
('0100537105', 'Cozy Dynamics', 'PH10', '05'),
('0100803305', 'Crimson Horizons', 'KR50', '05'),
('0100490235', 'EchoingEden Experiences', 'ID50', '05'),
('0100828571', 'Elysian Echo', 'DE20', '05'),
('0100290517', 'Enchanted Echoes', 'CA50', '05'),
('0100905017', 'EnchantedEcho Embroidery', 'AT20', '05'),
('0100613846', 'Mindful Muse Marketing', 'FR40', '05'),
('0100885703', 'Celestial Snackcraft', 'FR70', '05'),
('0100558954', 'Mystic Morsels', 'FR20', '05'),
('0100254233', 'Echoing Eden Experiences', 'KR50', '05'),
('0100972049', 'Nebula Novelties', 'VN40', '05'),
('0100138311', 'Whimsy Whirlwind Weddings', 'PH10', '05'),
('0100824076', 'Celestial Sweets & Treats', 'FR40', '05'),
('0100463559', 'Mindful Muse Music', 'FR70', '05'),
('0100987750', 'Nebula Nosh Notions', 'FR20', '05'),
('0100820579', 'Radiant Roots Resources', 'KR50', '05'),
('0100287038', 'Velvet Velocity Ventures', 'VN40', '05'),
('0100308314', 'Quantum Quasar Quarters', 'PH10', '05'),
('0100945134', 'UrbanUtopia Unplugged', 'FR40', '05'),
('0100168702', 'MysticMingle Mysteries', 'FR70', '05'),
('0100435029', 'LushLoom Landscapes', 'FR20', '05'),
('0100665239', 'ZenithZest Zoology', 'KR50', '05'),
('0100900466', 'SizzleSpectrum Snacks', 'VN40', '05'),
('0100643657', 'OpulentOdyssey Occasions', 'PH10', '05'),
('0100664332', 'EnchantedEcho Embellishments', 'FR40', '05'),
('0100889114', 'CelestialCeramics & Crafts', 'FR70', '05'),
('0100623631', 'Enigma Echo', 'AT20', '05'),
('0100236182', 'EnigmaEuphoria', 'VN50', '05'),
('0100616241', 'Essence Networks', 'KR50', '05'),
('0100835836', 'Ethereal Creations', 'AT20', '05'),
('0100571702', 'Ethereal Dynamics', 'VN40', '05'),
('0100381685', 'EtherEcho Expeditions', 'EG70', '05'),
('0100752666', 'FluxFeather Furnishings', 'DE20', '05'),
('0100198386', 'Friendly Ventures', 'CA50', '05'),
('0100986317', 'Fusion Frontier', 'DE30', '05'),
('0100370163', 'Fusion Synergy', 'FR70', '05'),
('0100766512', 'GreenSky Technologies', 'SK10', '05'),
('0100722674', 'Harmony Innovations', 'DE20', '05'),
('0100721522', 'Heartfelt Strategies', 'EG70', '05'),
('0100124802', 'Heartful Catalyst', 'TW20', '05'),
('0100982862', 'InfiniteImprint Innovations', 'VN40', '05'),
('0100629448', 'CelestialCraze Crafts', 'PH10', '05'),
('0100348384', 'InfiniteInventive Indulgences', 'FR40', '05'),
('0100870401', 'WhimsyWear Wanderlust', 'FR70', '05'),
('0100361256', 'EnigmaEcliptic Euphoria', 'FR20', '05'),
('0100271411', 'VelvetVine Ventures', 'KR50', '05'),
('0100839887', 'EtherealEmbrace Entertainments', 'VN40', '05'),
('0100860893', 'NebulaNourish Naturals', 'PH10', '05'),
('0100640373', 'MindfulMaze Media', 'FR40', '05'),
('0100952287', 'Heartful Insights', 'FR80', '05'),
('0100294817', 'HeartSpace Innovations', 'FR40', '05'),
('0100679660', 'Ignition Insights', 'US40', '05'),
('0100380502', 'Infinite Insights', 'DE30', '05'),
('0100568194', 'InfiniteIndulgences', 'PH10', '05'),
('0100446765', 'Innovate Impact', 'ITA0', '05'),
('0100716448', 'InnovateMinds', 'BR20', '05'),
('0100183368', 'Inspire Innovations', 'SK10', '05'),
('0100795865', 'Inspire Networks', 'FR40', '05'),
('0100228445', 'Luminous Libations', 'VN50', '05'),
('0100990333', 'MindfulMinds', 'CL11', '05'),
('0100473994', 'MindfulTriumph', 'ID50', '05'),
('0100213517', 'Moonlit Munchies', 'KR50', '05'),
('0100275808', 'MoonlitMosaic Muse', 'FR70', '05'),
('0100626316', 'Mosaic Mingle', 'ID50', '05'),
('0100455311', 'MysticMingle Meander', 'FR80', '05'),
('0100820431', 'NebulaNectar Naturals', 'CA50', '05'),
('0100519375', 'NebulaNovelties', 'MX70', '05'),
('0100603589', 'Nova Dynamics', 'ID50', '05'),
('0100904352', 'OpalOasis Outfitters', 'EG70', '05'),
('0100283167', 'Pinnacle Prodigy', 'CL11', '05'),
('0100564154', 'Pixel Petals Design', 'EG70', '05'),
('0100496653', 'Quantum Leap Innovations', 'SA40', '05'),
('0100522278', 'Quantum Quasar', 'SA40', '05'),
('0100852265', 'Quantum Quest', 'CA70', '05'),
('0100863843', 'Quantum Quilt Co.', 'ID50', '05'),
('0100167260', 'Quantum Quotient', 'TW20', '05'),
('0100541162', 'Quantum Spark', 'ID50', '05'),
('0100768771', 'QuirkyQuill Quests', 'TW20', '05'),
('0100474492', 'Radiant Horizons', 'FR40', '05'),
('0100541511', 'Radiant Realms', 'VN50', '05'),
('0100201842', 'Radiant Rhapsody Realty', 'FR40', '05'),
('0100532903', 'RadiantRay Resources', 'CA50', '05'),
('0100618315', 'RadiantRoots Resources', 'ID50', '05'),
('0100496161', 'Serenity Catalyst', 'CA50', '05'),
('0100158327', 'Song Studios', 'VN40', '05'),
('0100714652', 'Soulful Nexus', 'FR20', '05'),
('0100139162', 'Stellar CoCreators', 'ID50', '05'),
('0100917156', 'Stellar Sips', 'FR40', '05'),
('0100994054', 'Stellar Spirits', 'PH10', '05'),
('0100957200', 'StellarScent Soirees', 'ID50', '05'),
('0100626397', 'Sunflower Serenades', 'CL11', '05'),
('0100533909', 'Sunshine Systems', 'ID50', '05'),
('0100135846', 'Synergetic Solutions', 'FR70', '05'),
('0100701019', 'Synergetic Souls', 'DE20', '05'),
('0100996642', 'Synergetic Spark', 'TW20', '05'),
('0100317482', 'Synergy Systems', 'PH10', '05'),
('0100779003', 'Synthetix Solutions', 'SK10', '05'),
('0100292460', 'Titan Innovations', 'ID50', '05'),
('0100324302', 'Tranquil Tones Therapy', 'KR50', '05'),
('0100480910', 'TranquilTraverse Tech', 'FR70', '05'),
('0100406853', 'UrbanScape Solutions', 'FR40', '05'),
('0100605471', 'Velocity Ventures', 'FR40', '05'),
('0100837301', 'Velocity Visionaries', 'ID50', '05'),
('0100160126', 'Velvet Aurora Ventures', 'FR80', '05'),
('0100142711', 'Velvet Vortex Ventures', 'KR50', '05'),
('0100700384', 'VelvetVerse Visionaries', 'IT50', '05'),
('0100920505', 'VelvetVortex Vinyl', 'AU40', '05'),
('0100577189', 'Vertex Visions', 'TW20', '05'),
('0100536932', 'Verve Vista Voyages', 'FR40', '05'),
('0100521955', 'Vision Vanguard', 'IT50', '05'),
('0100957400', 'Visionary Ventures', 'CA70', '05'),
('0100276335', 'Whimsy Works', 'FR40', '05'),
('0100114669', 'WhimsyWave Wearables', 'FR40', '05'),
('0100921924', 'WhisperingWillow Wares', 'TW20', '05'),
('0100224999', 'Zenith Connections', 'RO20', '05'),
('0100962047', 'Zenith Zephyr', 'IT50', '05'),
('0100751784', 'Zenith Zest', 'EG70', '05'),
('0100472611', 'Zenith Zodiac Zest', 'BR20', '05')

GO
INSERT tblENTRPR_STR (SALES_ORG, BUSINESS_AREA)
VALUES
('AE10', 'CT'),
('AE20', 'CT'),
('AO10', 'CT'),
('AR10', 'CT'),
('AT10', 'CT'),
('AT20', 'CT'),
('AU10', 'CT'),
('BD10', 'CT'),
('BE10', 'CT'),
('BE20', 'CT'),
('BG10', 'CT'),
('BH10', 'CT'),
('BO10', 'CT'),
('BR10', 'CT'),
('BR70', 'CT'),
('CA10', 'CT'),
('CA70', 'CT'),
('CH10', 'CT'),
('CH20', 'CT'),
('CH60', 'CT'),
('CL10', 'CT'),
('CN20', 'CT'),
('CN40', 'CT'),
('CN60', 'CT'),
('CN90', 'CT'),
('CNA0', 'CT'),
('CNG0', 'CT'),
('CNV0', 'CT'),
('CO10', 'CT'),
('CZ20', 'CT'),
('CZ80', 'CT'),
('CZA0', 'CT'),
('DE10', 'CT'),
('DE60', 'CT'),
('DEF0', 'CT'),
('DK10', 'CT'),
('DK30', 'CT'),
('DK31', 'CT'),
('DZ10', 'CT'),
('EG10', 'CT'),
('EG50', 'CT'),
('ES10', 'CT'),
('ES40', 'CT'),
('FI10', 'CT'),
('FR10', 'CT'),
('FRA0', 'CT'),
('FRB0', 'CT'),
('FRF0', 'CT'),
('GB12', 'CT'),
('GB10', 'CT'),
('GB11', 'CT'),
('GB20', 'CT'),
('GB50', 'CT'),
('GR10', 'CT'),
('HK10', 'CT'),
('HU10', 'CT'),
('ID20', 'CT'),
('IE10', 'CT'),
('IN10', 'CT'),
('IN70', 'CT'),
('IQ10', 'CT'),
('IT10', 'CT'),
('IT20', 'CT'),
('IT30', 'CT'),
('IT90', 'CT'),
('JP10', 'CT'),
('KE10', 'CT'),
('KR10', 'CT'),
('KZ10', 'CT'),
('LB10', 'CT'),
('LV10', 'CT'),
('MA10', 'CT'),
('MM10', 'CT'),
('MX10', 'CT'),
('MY20', 'CT'),
('NG10', 'CT'),
('NL10', 'CT'),
('NL20', 'CT'),
('NL30', 'CT'),
('NL50', 'CT'),
('NO10', 'CT'),
('NZ10', 'CT'),
('PE10', 'CT'),
('PH20', 'CT'),
('PK10', 'CT'),
('PL10', 'CT'),
('PL70', 'CT'),
('PT10', 'CT'),
('RO10', 'CT'),
('RS30', 'CT'),
('RU10', 'CT'),
('RU10', 'CT'),
('SA10', 'CT'),
('SA50', 'CT'),
('SA70', 'CT'),
('SE10', 'CT'),
('SG20', 'CT'),
('SI10', 'CT'),
('SK20', 'CT'),
('SK30', 'CT'),
('TH20', 'CT'),
('TR10', 'CT'),
('TR60', 'CT'),
('TR70', 'CT'),
('TW10', 'CT'),
('US10', 'CT'),
('US70', 'CT'),
('US80', 'CT'),
('USC0', 'CT'),
('VE10', 'CT'),
('VN20', 'CT'),
('ZA10', 'CT'),
('ZM10', 'CT'),
('AE40', 'IT'),
('AE41', 'IT'),
('AR41', 'IT'),
('AR40', 'IT'),
('AU40', 'IT'),
('BH40', 'IT'),
('BR40', 'IT'),
('BR30', 'IT'),
('CA40', 'IT'),
('CA50', 'IT'),
('CH50', 'IT'),
('CL11', 'IT'),
('CN10', 'IT'),
('CN30', 'IT'),
('CN80', 'IT'),
('CO11', 'IT'),
('DE30', 'IT'),
('DE40', 'IT'),
('DK20', 'IT'),
('EG40', 'IT'),
('EG70', 'IT'),
('ES30', 'IT'),
('FI30', 'IT'),
('FR20', 'IT'),
('FR30', 'IT'),
('FR40', 'IT'),
('FR50', 'IT'),
('FR60', 'IT'),
('FR70', 'IT'),
('FR80', 'IT'),
('GB40', 'IT'),
('HK31', 'IT'),
('HK30', 'IT'),
('ID50', 'IT'),
('ID40', 'IT'),
('IN40', 'IT'),
('IN60', 'IT'),
('IT50', 'IT'),
('ITA0', 'IT'),
('JP40', 'IT'),
('JP50', 'IT'),
('KR40', 'IT'),
('KR50', 'IT'),
('MX40', 'IT'),
('MX70', 'IT'),
('MX50', 'IT'),
('NO30', 'IT'),
('PE11', 'IT'),
('PL50', 'IT'),
('RU30', 'IT'),
('RU31', 'IT'),
('SA40', 'IT'),
('SA60', 'IT'),
('SE40', 'IT'),
('SG50', 'IT'),
('SK10', 'IT'),
('TH40', 'IT'),
('TH50', 'IT'),
('TR40', 'IT'),
('TR50', 'IT'),
('US40', 'IT'),
('US50', 'IT'),
('VN40', 'IT'),
('VN50', 'IT'),
('ZA40', 'IT'),
('ZA50', 'IT'),
('AE50', 'PT'),
('AE30', 'PT'),
('AT30', 'PT'),
('AU30', 'PT'),
('BE40', 'PT'),
('BR20', 'PT'),
('BR80', 'PT'),
('CA20', 'PT'),
('CH30', 'PT'),
('CL20', 'PT'),
('CN50', 'PT'),
('CZ40', 'PT'),
('DE20', 'PT'),
('DZ20', 'PT'),
('EG30', 'PT'),
('EG60', 'PT'),
('ES20', 'PT'),
('FRC0', 'PT'),
('GB30', 'PT'),
('HK50', 'PT'),
('ID10', 'PT'),
('IN30', 'PT'),
('IN50', 'PT'),
('IT40', 'PT'),
('JP20', 'PT'),
('KE20', 'PT'),
('KR20', 'PT'),
('KZ30', 'PT'),
('KZ20', 'PT'),
('MA20', 'PT'),
('MX20', 'PT'),
('MY10', 'PT'),
('NG20', 'PT'),
('PE20', 'PT'),
('PH10', 'PT'),
('PL30', 'PT'),
('PL60', 'PT'),
('PT20', 'PT'),
('RO20', 'PT'),
('RU60', 'PT'),
('RU40', 'PT'),
('SA20', 'PT'),
('SA30', 'PT'),
('SE20', 'PT'),
('SG10', 'PT'),
('TH10', 'PT'),
('TR20', 'PT'),
('TR80', 'PT'),
('TW20', 'PT'),
('US20', 'PT'),
('VN10', 'PT'),
('ZA20', 'PT'),
('ZM20', 'PT')